	baseMean	log2FoldChange	lfcSE	stat	pvalue	padj	type	gene	databases	has_db
chr5:87925915-87926842:+	214.046609514367	-24.8260222065453	2.40321048686046	-9.49813690117717	2.1367896695946e-21	2.10527202196808e-17	EI-circRNA	Csn1s2a	.	FALSE
chr5:87925915-87926842:-	214.046609514367	-24.8260222065453	2.40321048686046	-9.49813690117717	2.1367896695946e-21	2.10527202196808e-17	EI-circRNA	Csn1s2a	.	FALSE
chr5:87817372-87821139:-	197.689579636065	-23.9494622828498	2.54172857502722	-8.63564367120305	5.839727670762e-18	2.87679584380913e-14	EI-circRNA	Csn1s1	.	FALSE
chr5:87817373-87821140:+	197.689579636065	-23.9494622828498	2.54172857502722	-8.63564367120305	5.839727670762e-18	2.87679584380913e-14	EI-circRNA	Csn1s1	.	FALSE
chr9:22555041-22570441:+	9.10818174471737	-19.1066320227345	2.52915693417732	-6.76376850782452	1.34447847347201e-11	4.41549138662767e-08	EI-circRNA	Bbs9	circAtlas:mmu-Bbs9_0015,circAtlas:mmu-Bbs9_0048,circBase_lifted:hsa_circ_0079811	TRUE
chr9:22555041-22570441:-	9.10818174471737	-19.1066320227345	2.52915693417732	-6.76376850782452	1.34447847347201e-11	4.41549138662767e-08	EI-circRNA	Bbs9	circAtlas:mmu-Bbs9_0015,circAtlas:mmu-Bbs9_0048,circBase_lifted:hsa_circ_0079811	TRUE
chr10:127924996-127925981:+	0.703345651197737	30	5.41972149030799	5.16631713457453	2.387515623759e-07	0.000105593813284182	EI-circRNA	Atp5f1b	circAtlas:mmu-Atp5b_0044,circAtlas:mmu-Atp5b_0016,circAtlas:mmu-Atp5b_0034,circAtlas:mmu-Atp5b_0052,circAtlas:mmu-Atp5b_0053,circAtlas:mmu-Atp5b_0061	TRUE
chr10:127924997-127925981:-	0.703345651197737	30	5.41972149030799	5.16631713457453	2.387515623759e-07	0.000105593813284182	EI-circRNA	Atp5f1b	circAtlas:mmu-Atp5b_0044,circAtlas:mmu-Atp5b_0016,circAtlas:mmu-Atp5b_0034,circAtlas:mmu-Atp5b_0052,circAtlas:mmu-Atp5b_0053,circAtlas:mmu-Atp5b_0061	TRUE
chr11:94187710-94200517:+	0.511938351630982	29.9503105376578	5.41791915941726	5.15886444873867	2.48452099059643e-07	0.000105593813284182	EI-circRNA	Luc7l3	circAtlas:mmu-Luc7l3_0020,circAtlas:mmu-Luc7l3_0027	TRUE
chr11:94187710-94200517:-	0.511938351630982	29.9503105376578	5.41791915941726	5.15886444873867	2.48452099059643e-07	0.000105593813284182	EI-circRNA	Luc7l3	circAtlas:mmu-Luc7l3_0020,circAtlas:mmu-Luc7l3_0027	TRUE
chr11:106220822-106236555:+	1.1826660617032	30	5.39136516214613	5.19348980413972	2.0638825014979e-07	0.000105593813284182	EI-circRNA	Scn4a	.	FALSE
chr11:106220823-106236555:-	1.1826660617032	30	5.39136516214613	5.19348980413972	2.0638825014979e-07	0.000105593813284182	EI-circRNA	Scn4a	.	FALSE
chr12:55658857-55689268:-	0.458568043906126	30	5.42497383123118	5.16131521940365	2.4522086345885e-07	0.000105593813284182	EI-circRNA	Ralgapa1	circAtlas:mmu-Ralgapa1_0074,circAtlas:mmu-Ralgapa1_0001	TRUE
chr12:55658858-55689268:+	0.458568043906126	30	5.42497383123118	5.16131521940365	2.4522086345885e-07	0.000105593813284182	EI-circRNA	Ralgapa1	circAtlas:mmu-Ralgapa1_0074,circAtlas:mmu-Ralgapa1_0001	TRUE
chr12:100298838-100342507:+	0.504765953551294	30	5.39764376906849	5.1874486716696	2.13194659272496e-07	0.000105593813284182	EI-circRNA	Gm51958,Ttc7b	circAtlas:mmu-Ttc7b_0040,circBase_lifted:hsa_circ_0032919	TRUE
chr12:100298838-100342507:-	0.504765953551294	30	5.39764376906849	5.1874486716696	2.13194659272496e-07	0.000105593813284182	EI-circRNA	Gm51958,Ttc7b	circAtlas:mmu-Ttc7b_0040,circBase_lifted:hsa_circ_0032919	TRUE
chr2:113256866-113274804:+	0.455037845771467	30	5.40912421484903	5.17643871500212	2.26161294944098e-07	0.000105593813284182	EI-circRNA	Fmn1	circAtlas:mmu-Fmn1_0001,circAtlas:mmu-Fmn1_0006,circAtlas:mmu-Fmn1_0040	TRUE
chr2:113256866-113274804:-	0.455037845771467	30	5.40912421484903	5.17643871500212	2.26161294944098e-07	0.000105593813284182	EI-circRNA	Fmn1	circAtlas:mmu-Fmn1_0001,circAtlas:mmu-Fmn1_0006,circAtlas:mmu-Fmn1_0040	TRUE
chr4:136297768-136301414:-	0.931977033389051	30	5.38710578340719	5.19759609812057	2.01882181383422e-07	0.000105593813284182	EI-circRNA	Kdm1a	circAtlas:mmu-Kdm1a_0016,circBase_lifted:hsa_circ_0010811	TRUE
chr4:136297769-136301414:+	0.931977033389051	30	5.38710578340719	5.19759609812057	2.01882181383422e-07	0.000105593813284182	EI-circRNA	Kdm1a	circAtlas:mmu-Kdm1a_0016,circBase_lifted:hsa_circ_0010811	TRUE
chr5:3772546-3822787:+	0.45083928234606	30	5.40288476624877	5.18241665543433	2.19029248682729e-07	0.000105593813284182	EI-circRNA	Ankib1	circAtlas:mmu-Ankib1_0003,circAtlas:mmu-Ankib1_0013,circBase_lifted:hsa_circ_0002744,circBase_lifted:hsa_circ_0081011	TRUE
chr5:3772546-3822787:-	0.45083928234606	30	5.40288476624877	5.18241665543433	2.19029248682729e-07	0.000105593813284182	EI-circRNA	Ankib1	circAtlas:mmu-Ankib1_0003,circAtlas:mmu-Ankib1_0013,circBase_lifted:hsa_circ_0002744,circBase_lifted:hsa_circ_0081011	TRUE
chr5:24894391-24911582:+	0.470389599114994	29.9925530063306	5.41839695456449	5.16620565843732	2.38893928398057e-07	0.000105593813284182	EI-circRNA	Wdr86,Nub1	circAtlas:mmu-Nub1_0005,circAtlas:mmu-Nub1_0007	TRUE
chr5:24894391-24911582:-	0.470389599114994	29.9925530063306	5.41839695456449	5.16620565843732	2.38893928398057e-07	0.000105593813284182	EI-circRNA	Wdr86,Nub1	circAtlas:mmu-Nub1_0005,circAtlas:mmu-Nub1_0007	TRUE
chr5:92300300-92315192:+	0.315811272886026	29.997174239269	5.40292239969874	5.18185755191117	2.19686970262632e-07	0.000105593813284182	EI-circRNA	Uso1	circAtlas:mmu-Uso1_0007	TRUE
chr5:92300300-92315192:-	0.315811272886026	29.997174239269	5.40292239969874	5.18185755191117	2.19686970262632e-07	0.000105593813284182	EI-circRNA	Uso1	circAtlas:mmu-Uso1_0007	TRUE
chr5:130130431-130131376:+	0.710272427949762	30	5.41793058944955	5.16802486442425	2.36580841801433e-07	0.000105593813284182	circRNA	Tpst1	circAtlas:mmu-Tpst1_0003,circBase_lifted:hsa_circ_0007672	TRUE
chr5:130130431-130131376:-	0.710272427949762	30	5.41793058944955	5.16802486442425	2.36580841801433e-07	0.000105593813284182	circRNA	Tpst1	circAtlas:mmu-Tpst1_0003,circBase_lifted:hsa_circ_0007672	TRUE
chr6:39382664-39387150:+	0.52101090978569	30	5.39013621435273	5.19467391667065	2.05078978340753e-07	0.000105593813284182	EI-circRNA	Mkrn1	circAtlas:mmu-Mkrn1_0014,circAtlas:mmu-Mkrn1_0024,circAtlas:mmu-Mkrn1_0007	TRUE
chr6:39382664-39387150:-	0.52101090978569	30	5.39013621435273	5.19467391667065	2.05078978340753e-07	0.000105593813284182	EI-circRNA	Mkrn1	circAtlas:mmu-Mkrn1_0014,circAtlas:mmu-Mkrn1_0024,circAtlas:mmu-Mkrn1_0007	TRUE
chr7:19499258-19499634:-	1.16434702306319	30	5.40488181022046	5.1805018098736	2.21289780802095e-07	0.000105593813284182	EI-circRNA	Gm34744,Bcam	circAtlas:mmu-Bcam_0001	TRUE
chr7:19499259-19499634:+	1.16434702306319	30	5.40488181022046	5.1805018098736	2.21289780802095e-07	0.000105593813284182	EI-circRNA	Gm34744,Bcam	circAtlas:mmu-Bcam_0001	TRUE
chr7:67195113-67209717:+	0.447537785231201	29.9960971589868	5.4187481241493	5.16652490899491	2.38486432676455e-07	0.000105593813284182	EI-circRNA	Lrrc28	circAtlas:mmu-Lrrc28_0008,circAtlas:mmu-Lrrc28_0006	TRUE
chr7:67195113-67209717:-	0.447537785231201	29.9960971589868	5.4187481241493	5.16652490899491	2.38486432676455e-07	0.000105593813284182	EI-circRNA	Lrrc28	circAtlas:mmu-Lrrc28_0008,circAtlas:mmu-Lrrc28_0006	TRUE
chr7:115140856-115149394:+	0.348667600022894	30	5.43023718400113	5.15631252397136	2.51860402149534e-07	0.000105593813284182	EI-circRNA	Sox6	circAtlas:mmu-Sox6_0020,circAtlas:mmu-Sox6_0033	TRUE
chr7:115140857-115149394:-	0.348667600022894	30	5.43023718400113	5.15631252397136	2.51860402149534e-07	0.000105593813284182	EI-circRNA	Sox6	circAtlas:mmu-Sox6_0020,circAtlas:mmu-Sox6_0033	TRUE
chr8:11831154-11855323:+	0.42032809938158	30	5.39227453190082	5.19261395805264	2.07361865678426e-07	0.000105593813284182	EI-circRNA	Arhgef7	circAtlas:mmu-Arhgef7_0005,circAtlas:mmu-Arhgef7_0066	TRUE
chr8:11831155-11855323:-	0.42032809938158	30	5.39227453190082	5.19261395805264	2.07361865678426e-07	0.000105593813284182	EI-circRNA	Arhgef7	circAtlas:mmu-Arhgef7_0005,circAtlas:mmu-Arhgef7_0066	TRUE
chr9:56381814-56389923:+	1.58112347690085	30	5.39843543877774	5.18668794274577	2.14066980819132e-07	0.000105593813284182	EI-circRNA	Hmg20a	circAtlas:mmu-Hmg20a_0007,circBase_lifted:hsa_circ_0036428	TRUE
chr9:56381814-56389923:-	1.58112347690085	30	5.39843543877774	5.18668794274577	2.14066980819132e-07	0.000105593813284182	EI-circRNA	Hmg20a	circAtlas:mmu-Hmg20a_0007,circBase_lifted:hsa_circ_0036428	TRUE
chr9:67766071-67785459:-	0.599788000188631	30	5.39301870294464	5.19189744042826	2.08161666706913e-07	0.000105593813284182	EI-circRNA	Vps13c	circAtlas:mmu-Vps13c_0002,circAtlas:mmu-Vps13c_0047,circAtlas:mmu-Vps13c_0087	TRUE
chr9:67766072-67785459:+	0.599788000188631	30	5.39301870294464	5.19189744042826	2.08161666706913e-07	0.000105593813284182	EI-circRNA	Vps13c	circAtlas:mmu-Vps13c_0002,circAtlas:mmu-Vps13c_0047,circAtlas:mmu-Vps13c_0087	TRUE
chrX:12987671-12990902:+	0.601410762808093	30	5.42080853276721	5.16528112563802	2.40077812888547e-07	0.000105593813284182	EI-circRNA	Usp9x	circAtlas:mmu-Usp9x_0037	TRUE
chrX:12987672-12990902:-	0.601410762808093	30	5.42080853276721	5.16528112563802	2.40077812888547e-07	0.000105593813284182	EI-circRNA	Usp9x	circAtlas:mmu-Usp9x_0037	TRUE
chrX:142094078-142111060:+	2.65533187682509	30	5.41902756474568	5.16697869967636	2.37908363606549e-07	0.000105593813284182	EI-circRNA	Chrdl1	circAtlas:mmu-Chrdl1_0001,circAtlas:mmu-Chrdl1_0002	TRUE
chrX:142094078-142111063:-	2.65533187682509	30	5.41902756474568	5.16697869967636	2.37908363606549e-07	0.000105593813284182	EI-circRNA	Chrdl1	circAtlas:mmu-Chrdl1_0001,circAtlas:mmu-Chrdl1_0002	TRUE
chr8:35340181-35342462:-	0.582955603490368	29.8442230446794	5.41884453748708	5.13840595574492	2.77078800284397e-07	0.000111425260400083	EI-circRNA	Tnks	circAtlas:mmu-Tnks_0004	TRUE
chr8:35340182-35342462:+	0.582955603490368	29.8442230446794	5.41884453748708	5.13840595574492	2.77078800284397e-07	0.000111425260400083	EI-circRNA	Tnks	circAtlas:mmu-Tnks_0004	TRUE
chr17:40158498-40158638:+	11.3699260007824	-20.7064078151191	3.91774438118093	-4.77479028621067	1.79894620684887e-06	0.000695063431489352	circRNA	Rn18s-rs5,Gm26917,AY036118	circAtlas:mmu-Yam1_0009	TRUE
chr17:40158498-40158638:-	11.3699260007824	-20.7064078151191	3.91774438118093	-4.77479028621067	1.79894620684887e-06	0.000695063431489352	circRNA	Rn18s-rs5,Gm26917,AY036118	circAtlas:mmu-Yam1_0009	TRUE
chr17:40158496-40158638:+	11.0828481064064	-20.589923415208	3.91205737041763	-4.75195572431583	2.01458493235082e-06	0.000735136964666164	circRNA	Rn18s-rs5,Gm26917,AY036118	circAtlas:mmu-Yam1_0009	TRUE
chr17:40158496-40158640:+	10.9632952830538	-20.6012387077673	3.90936200745456	-4.75812643400575	1.95398101624699e-06	0.000735136964666164	circRNA	Rn18s-rs5,Gm26917,AY036118	circAtlas:mmu-Yam1_0009	TRUE
chr17:40158497-40158638:-	11.0828481064064	-20.589923415208	3.91205737041763	-4.75195572431583	2.01458493235082e-06	0.000735136964666164	circRNA	Rn18s-rs5,Gm26917,AY036118	circAtlas:mmu-Yam1_0009	TRUE
chr17:40158498-40158636:+	10.9507933374521	-20.539606518	3.90767374206307	-4.74441003567815	2.09114888288042e-06	0.000749201613402886	circRNA	Rn18s-rs5,Gm26917,AY036118	.	FALSE
chr17:40159379-40159592:-	2.85490784592885	-17.7616530694924	3.51716489972479	-4.48135174746163	7.4171748190601e-06	0.00260991838945677	circRNA	Gm26917,AY036118	.	FALSE
chr17:40159377-40159595:-	2.77611409496833	-17.5774144735372	3.51108218795397	-4.43664193535004	9.13730948971356e-06	0.0031587839209615	circRNA	Gm26917,AY036118	.	FALSE
chr1:39302399-39339814:+	2.43821132514512	-19.7161866133723	4.04884778462392	-4.37561191622269	1.21092291871416e-05	0.00404427730733263	EI-circRNA	Npas2,Gm20428,Gm17904	circAtlas:mmu-Npas2_0006,circAtlas:mmu-Npas2_0002,circBase:mm9_circ_003043,circBase_lifted:hsa_circ_0006946	TRUE
chr17:40158822-40158973:+	9.92009339657274	-20.5765773446651	4.24371474174371	-4.3774330922705	1.20085207509672e-05	0.00404427730733263	circRNA	Rn18s-rs5,Gm26917,AY036118	.	FALSE
chr1:39302400-39339814:-	2.58592048609828	-19.6829504045675	4.06470183991651	-4.35036839133341	1.35909007439576e-05	0.0043903065436014	EI-circRNA	Npas2,Gm20428,Gm17904	circAtlas:mmu-Npas2_0006,circAtlas:mmu-Npas2_0002,circBase:mm9_circ_003043,circBase_lifted:hsa_circ_0006946	TRUE
chr1:39302402-39339814:+	2.58592048609828	-19.6829504045675	4.06470183991651	-4.35036839133341	1.35909007439576e-05	0.0043903065436014	EI-circRNA	Npas2,Gm20428,Gm17904	circAtlas:mmu-Npas2_0006,circAtlas:mmu-Npas2_0002,circBase:mm9_circ_003043,circBase_lifted:hsa_circ_0006946	TRUE
chr11:121483457-121496166:+	0.553654019363282	25.6525876595355	5.44815862846279	4.34139115112534	1.41583414621254e-05	0.00442841457954256	EI-circRNA	Tbcd	circAtlas:mmu-Tbcd_0024	TRUE
chr11:121483457-121496166:-	0.553654019363282	25.6525876595355	5.44815862846279	4.34139115112534	1.41583414621254e-05	0.00442841457954256	EI-circRNA	Tbcd	circAtlas:mmu-Tbcd_0024	TRUE
chr17:40158819-40158979:+	9.03618577620458	-20.9768335953747	4.4207227501408	-4.29269933174847	1.76513961896969e-05	0.00534060317992229	circRNA	Rn18s-rs5,Gm26917,AY036118	.	FALSE
chr4:53127596-53144095:+	4.64761936247133	-18.5763454448633	3.86417964920742	-4.28974502990906	1.78878360758625e-05	0.00534060317992229	EI-circRNA	Abca1	circAtlas:mmu-Abca1_0014	TRUE
chr4:53127597-53144095:-	4.64761936247133	-18.5763454448633	3.86417964920742	-4.28974502990906	1.78878360758625e-05	0.00534060317992229	EI-circRNA	Abca1	circAtlas:mmu-Abca1_0014	TRUE
chr10:98822752-98832844:-	1.4063800134377	24.8870646707318	5.39093604462488	4.2454713766363	2.18134355239206e-05	0.00632108451468904	EI-circRNA	Atp2b1	circAtlas:mmu-Atp2b1_0019,circAtlas:mmu-Atp2b1_0062	TRUE
chr10:98822753-98832844:+	1.4063800134377	24.8870646707318	5.39093604462488	4.2454713766363	2.18134355239206e-05	0.00632108451468904	EI-circRNA	Atp2b1	circAtlas:mmu-Atp2b1_0019,circAtlas:mmu-Atp2b1_0062	TRUE
chr17:40158822-40158976:+	10.0485610113426	-20.8393756406717	4.44635660197671	-4.23703659582685	2.26489232074246e-05	0.00646807292467103	circRNA	Rn18s-rs5,Gm26917,AY036118	.	FALSE
chr17:40158821-40158976:+	10.6252639085758	-20.7442325971495	4.47351731156297	-4.19004360365391	2.78900854561487e-05	0.00785105905590586	circRNA	Rn18s-rs5,Gm26917,AY036118	.	FALSE
chr17:40158819-40158976:+	10.6083993421232	-20.6405696237014	4.46927945308617	-4.17082212454393	3.03502701812106e-05	0.00842326864677121	circRNA	Rn18s-rs5,Gm26917,AY036118	.	FALSE
chr17:40158819-40158973:+	10.6290880403564	-20.5567177861017	4.47779576280886	-4.14416350567568	3.41056346252263e-05	0.00933404903180673	circRNA	Rn18s-rs5,Gm26917,AY036118	.	FALSE
chr18:10582054-10595875:-	0.860468369340574	24.263892488471	5.38806572464331	4.13207515020521	3.5950283491581e-05	0.00957297751623788	EI-circRNA	Esco1	circAtlas:mmu-Esco1_0019,circAtlas:mmu-Esco1_0025,circBase_lifted:hsa_circ_0047078	TRUE
chr18:10582055-10595875:+	0.860468369340574	24.263892488471	5.38806572464331	4.13207515020521	3.5950283491581e-05	0.00957297751623788	EI-circRNA	Esco1	circAtlas:mmu-Esco1_0019,circAtlas:mmu-Esco1_0025,circBase_lifted:hsa_circ_0047078	TRUE
chr17:40158818-40158976:+	9.81388880037045	-20.1955537071654	4.44802203034864	-4.09070674178725	4.30060649090663e-05	0.0112991267871087	circRNA	Rn18s-rs5,Gm26917,AY036118	.	FALSE
chr17:40158818-40158975:+	9.83457749860369	-20.2049735614238	4.45645288933892	-4.0850815690154	4.40613352588366e-05	0.011424060674676	circRNA	Rn18s-rs5,Gm26917,AY036118	.	FALSE
chr1:105631656-105669085:+	0.563769863477291	24.1787254794134	5.44815531244384	4.0708688000792	4.68381248952411e-05	0.0118326314238555	EI-circRNA	Relch	circAtlas:mmu-2310035C23Rik_0049	TRUE
chr1:105631656-105669085:-	0.563769863477291	24.1787254794134	5.44815531244384	4.0708688000792	4.68381248952411e-05	0.0118326314238555	EI-circRNA	Relch	circAtlas:mmu-2310035C23Rik_0049	TRUE
chr6:119720249-119738272:+	0.783612505726869	-23.8516290285597	5.44456153011414	-4.01347820346915	5.98305296655239e-05	0.0145550689760389	EI-circRNA	Erc1	circAtlas:mmu-Erc1_0038	TRUE
chr6:119720249-119738272:-	0.783612505726869	-23.8516290285597	5.44456153011414	-4.01347820346915	5.98305296655239e-05	0.0145550689760389	EI-circRNA	Erc1	circAtlas:mmu-Erc1_0038	TRUE
chr17:40158209-40158981:+	1.41387960767641	23.8354826826303	5.44792617754437	4.00803571322852	6.12258633360385e-05	0.014712873622398	circRNA	Rn18s-rs5,Gm26917,AY036118	.	FALSE
chr17:40158823-40158979:+	5.7271583111807	-20.3663532506583	4.58637547164564	-4.0045463709207	6.2136602148209e-05	0.0147518282569935	circRNA	Rn18s-rs5,Gm26917,AY036118	.	FALSE
chr1:130645548-130646452:+	0.870079758570096	23.2143196641857	5.4480262629413	3.89394592469024	9.86266444964394e-05	0.0154241113476376	ciRNA	Pfkfb2,Yod1	circAtlas:mmu-ENSMUSG00000026409,ENSMUSG00000046404_0001	TRUE
chr1:130645549-130646452:-	0.870079758570096	23.2143196641857	5.4480262629413	3.89394592469024	9.86266444964394e-05	0.0154241113476376	ciRNA	Pfkfb2,Yod1	circAtlas:mmu-ENSMUSG00000026409,ENSMUSG00000046404_0001	TRUE
chr10:75112604-75115795:+	0.870079758570096	23.2143196641857	5.4480262629413	3.89394592469024	9.86266444964394e-05	0.0154241113476376	EI-circRNA	Specc1l	circAtlas:mmu-Specc1l_0023,circBase_lifted:hsa_circ_0062610	TRUE
chr10:75112605-75115795:-	0.870079758570096	23.2143196641857	5.4480262629413	3.89394592469024	9.86266444964394e-05	0.0154241113476376	EI-circRNA	Specc1l	circAtlas:mmu-Specc1l_0023,circBase_lifted:hsa_circ_0062610	TRUE
chr11:22946038-22946314:-	0.870079758570096	23.2143196641857	5.4480262629413	3.89394592469024	9.86266444964394e-05	0.0154241113476376	ciRNA	Cct4	.	FALSE
chr11:22946039-22946314:+	0.870079758570096	23.2143196641857	5.4480262629413	3.89394592469024	9.86266444964394e-05	0.0154241113476376	ciRNA	Cct4	.	FALSE
chr11:31852241-31858875:+	0.870079758570096	23.2143196641857	5.4480262629413	3.89394592469024	9.86266444964394e-05	0.0154241113476376	EI-circRNA	Cpeb4	circAtlas:mmu-Cpeb4_0024	TRUE
chr11:31852241-31858875:-	0.870079758570096	23.2143196641857	5.4480262629413	3.89394592469024	9.86266444964394e-05	0.0154241113476376	EI-circRNA	Cpeb4	circAtlas:mmu-Cpeb4_0024	TRUE
chr11:54526896-54527041:+	0.870079758570096	23.2143196641857	5.4480262629413	3.89394592469024	9.86266444964394e-05	0.0154241113476376	circRNA	Rapgef6	.	FALSE
chr11:54526897-54527041:-	0.870079758570096	23.2143196641857	5.4480262629413	3.89394592469024	9.86266444964394e-05	0.0154241113476376	circRNA	Rapgef6	.	FALSE
chr11:68869116-68879516:-	0.870079758570096	23.2143196641857	5.4480262629413	3.89394592469024	9.86266444964394e-05	0.0154241113476376	partially_intergenic-circRNA	Gm32384,Pfas	.	FALSE
chr11:68869117-68879516:+	0.870079758570096	23.2143196641857	5.4480262629413	3.89394592469024	9.86266444964394e-05	0.0154241113476376	partially_intergenic-circRNA	Gm32384,Pfas	.	FALSE
chr12:51809206-51810848:+	0.870079758570096	23.2143196641857	5.4480262629413	3.89394592469024	9.86266444964394e-05	0.0154241113476376	EI-circRNA	Hectd1	circAtlas:mmu-Hectd1_0032,circAtlas:mmu-Hectd1_0027	TRUE
chr12:51809206-51810848:-	0.870079758570096	23.2143196641857	5.4480262629413	3.89394592469024	9.86266444964394e-05	0.0154241113476376	EI-circRNA	Hectd1	circAtlas:mmu-Hectd1_0032,circAtlas:mmu-Hectd1_0027	TRUE
chr12:71092887-71094134:+	0.870079758570096	23.2143196641857	5.4480262629413	3.89394592469024	9.86266444964394e-05	0.0154241113476376	EI-circRNA	Arid4a	circAtlas:mmu-Arid4a_0051	TRUE
chr12:71092887-71094134:-	0.870079758570096	23.2143196641857	5.4480262629413	3.89394592469024	9.86266444964394e-05	0.0154241113476376	EI-circRNA	Arid4a	circAtlas:mmu-Arid4a_0051	TRUE
chr17:40158820-40158976:+	10.2510517012017	-20.6899181580848	4.68724804879153	-3.98739686134243	6.68022296448799e-05	0.0154241113476376	circRNA	Rn18s-rs5,Gm26917,AY036118	.	FALSE
chr18:6795344-6795508:+	0.870079758570096	23.2143196641857	5.4480262629413	3.89394592469024	9.86266444964394e-05	0.0154241113476376	intergenic-circRNA	intergenic_chr18:6795344-6795508:+	.	FALSE
chr18:6795344-6795508:-	0.870079758570096	23.2143196641857	5.4480262629413	3.89394592469024	9.86266444964394e-05	0.0154241113476376	intergenic-circRNA	intergenic_chr18:6795344-6795508:-	.	FALSE
chr19:8983146-8983386:+	0.870079758570096	23.2143196641857	5.4480262629413	3.89394592469024	9.86266444964394e-05	0.0154241113476376	EI-circRNA	Ahnak	.	FALSE
chr19:8983146-8983386:-	0.870079758570096	23.2143196641857	5.4480262629413	3.89394592469024	9.86266444964394e-05	0.0154241113476376	EI-circRNA	Ahnak	.	FALSE
chr2:166905555-166907137:+	0.870079758570096	23.2143196641857	5.4480262629413	3.89394592469024	9.86266444964394e-05	0.0154241113476376	EI-circRNA	Zfas1,Gm23201	.	FALSE
chr2:166905556-166907137:-	0.870079758570096	23.2143196641857	5.4480262629413	3.89394592469024	9.86266444964394e-05	0.0154241113476376	EI-circRNA	Zfas1,Gm23201	.	FALSE
chr4:85033501-85036756:+	0.870079758570096	23.2143196641857	5.4480262629413	3.89394592469024	9.86266444964394e-05	0.0154241113476376	EI-circRNA	Cntln	circAtlas:mmu-Cntln_0027,circAtlas:mmu-Cntln_0094	TRUE
chr4:85033501-85036756:-	0.870079758570096	23.2143196641857	5.4480262629413	3.89394592469024	9.86266444964394e-05	0.0154241113476376	EI-circRNA	Cntln	circAtlas:mmu-Cntln_0027,circAtlas:mmu-Cntln_0094	TRUE
chr4:126793724-126796486:+	1.74015951714019	23.3181446326482	5.44789598256249	3.91309685443386	9.11199657059449e-05	0.0154241113476376	EI-circRNA	Zmym4	.	FALSE
chr4:126793724-126796486:-	1.74015951714019	23.3181446326482	5.44789598256249	3.91309685443386	9.11199657059449e-05	0.0154241113476376	EI-circRNA	Zmym4	.	FALSE
chr5:33764808-33767830:+	1.40858420217952	23.6740843751798	5.44774749065571	3.97854056421603	6.93395825259934e-05	0.0154241113476376	EI-circRNA	Fam53a	circAtlas:mmu-Fam53a_0003	TRUE
chr5:33764808-33767830:-	1.40858420217952	23.6740843751798	5.44774749065571	3.97854056421603	6.93395825259934e-05	0.0154241113476376	EI-circRNA	Fam53a	circAtlas:mmu-Fam53a_0003	TRUE
chr5:73668228-73668509:-	0.870079758570096	23.2143196641857	5.4480262629413	3.89394592469024	9.86266444964394e-05	0.0154241113476376	EI-circRNA	Dcun1d4	circAtlas:mmu-Dcun1d4_0016,circBase_lifted:hsa_circ_0069715	TRUE
chr5:73668229-73668509:+	0.870079758570096	23.2143196641857	5.4480262629413	3.89394592469024	9.86266444964394e-05	0.0154241113476376	EI-circRNA	Dcun1d4	circAtlas:mmu-Dcun1d4_0016,circBase_lifted:hsa_circ_0069715	TRUE
chr5:135085695-135089684:+	4.56652958165676	-19.2145125704381	4.42039195947168	-3.89434075717022	9.84661516434189e-05	0.0154241113476376	EI-circRNA	Bud23	circAtlas:mmu-Wbscr22_0002	TRUE
chr5:135085696-135089684:-	4.56652958165676	-19.2145125704381	4.42039195947168	-3.89434075717022	9.84661516434189e-05	0.0154241113476376	EI-circRNA	Bud23	circAtlas:mmu-Wbscr22_0002	TRUE
chr6:136540758-136548536:+	2.41385264359521	-18.0068197975394	4.10455060151371	-3.89977401950807	9.62825121329911e-05	0.0154241113476376	EI-circRNA	Atf7ip	circAtlas:mmu-Atf7ip_0014,circAtlas:mmu-Atf7ip_0035	TRUE
chr6:136540758-136548536:-	2.41385264359521	-18.0068197975394	4.10455060151371	-3.89977401950807	9.62825121329911e-05	0.0154241113476376	EI-circRNA	Atf7ip	circAtlas:mmu-Atf7ip_0014,circAtlas:mmu-Atf7ip_0035	TRUE
chr7:126483255-126483519:+	0.870079758570096	23.2143196641857	5.4480262629413	3.89394592469024	9.86266444964394e-05	0.0154241113476376	EI-circRNA	Taok2	.	FALSE
chr7:126483255-126483519:-	0.870079758570096	23.2143196641857	5.4480262629413	3.89394592469024	9.86266444964394e-05	0.0154241113476376	EI-circRNA	Taok2	.	FALSE
chr8:73479968-73480172:-	0.870079758570096	23.2143196641857	5.4480262629413	3.89394592469024	9.86266444964394e-05	0.0154241113476376	ciRNA	Sin3b	.	FALSE
chr8:73479969-73480172:+	0.870079758570096	23.2143196641857	5.4480262629413	3.89394592469024	9.86266444964394e-05	0.0154241113476376	ciRNA	Sin3b	.	FALSE
chr8:113023720-113028478:+	0.870079758570096	23.2143196641857	5.4480262629413	3.89394592469024	9.86266444964394e-05	0.0154241113476376	partially_intergenic-circRNA	Gm39253,Gm53456	.	FALSE
chr8:113023720-113028478:-	0.870079758570096	23.2143196641857	5.4480262629413	3.89394592469024	9.86266444964394e-05	0.0154241113476376	partially_intergenic-circRNA	Gm39253,Gm53456	.	FALSE
chrX:160654464-160658388:+	1.40858420217952	23.6740843751798	5.44774749065571	3.97854056421603	6.93395825259934e-05	0.0154241113476376	EI-circRNA	Nhs	circAtlas:mmu-Nhs_0001,circBase_lifted:hsa_circ_0089974	TRUE
chrX:160654464-160658388:-	1.40858420217952	23.6740843751798	5.44774749065571	3.97854056421603	6.93395825259934e-05	0.0154241113476376	EI-circRNA	Nhs	circAtlas:mmu-Nhs_0001,circBase_lifted:hsa_circ_0089974	TRUE
chr5:111494348-111497440:-	4.03498328083966	-17.8156031277976	4.11872255682712	-3.8399292279549	0.000123069783084381	0.0187991478734708	EI-circRNA	Pitpnb	circAtlas:mmu-Pitpnb_0002,circAtlas:mmu-Pitpnb_0026,circBase:mm9_circ_005741	TRUE
chr5:111494349-111497440:+	4.03498328083966	-17.8156031277976	4.11872255682712	-3.8399292279549	0.000123069783084381	0.0187991478734708	EI-circRNA	Pitpnb	circAtlas:mmu-Pitpnb_0002,circAtlas:mmu-Pitpnb_0026,circBase:mm9_circ_005741	TRUE
chr7:19150643-19154221:+	1.49470816074714	22.7959675020955	5.44765998348301	3.81741290116265	0.000134858372383195	0.0202853757848157	EI-circRNA	A930016O22Rik,Ckm	circAtlas:mmu-Ckm_0043	TRUE
chr7:19150643-19154221:-	1.49470816074714	22.7959675020955	5.44765998348301	3.81741290116265	0.000134858372383195	0.0202853757848157	EI-circRNA	A930016O22Rik,Ckm	circAtlas:mmu-Ckm_0043	TRUE
chr18:10740983-10752027:+	0.264056868223095	22.7599476621434	5.44784615297889	3.81067069061629	0.000138590281834041	0.0205332443875171	EI-circRNA	Mib1	circAtlas:mmu-Mib1_0024,circAtlas:mmu-Mib1_0071,circBase_lifted:hsa_circ_0000835	TRUE
chr18:10740983-10752027:-	0.264056868223095	22.7599476621434	5.44784615297889	3.81067069061629	0.000138590281834041	0.0205332443875171	EI-circRNA	Mib1	circAtlas:mmu-Mib1_0024,circAtlas:mmu-Mib1_0071,circBase_lifted:hsa_circ_0000835	TRUE
chr6:71390233-71406144:-	2.63167792787826	-20.6221084544487	4.92772953400382	-3.77904435013057	0.000157431385842374	0.0229791515409184	EI-circRNA	Rmnd5a	circAtlas:mmu-Rmnd5a_0001,circAtlas:mmu-Rmnd5a_0024	TRUE
chr6:71390234-71406144:+	2.63167792787826	-20.6221084544487	4.92772953400382	-3.77904435013057	0.000157431385842374	0.0229791515409184	EI-circRNA	Rmnd5a	circAtlas:mmu-Rmnd5a_0001,circAtlas:mmu-Rmnd5a_0024	TRUE
chr14:47912206-47923800:-	1.00955106421363	22.3231019476249	5.44766708411183	3.73060644746397	0.000191019414052829	0.0274747266708831	EI-circRNA	Ktn1	.	FALSE
chr14:47912207-47923800:+	1.00955106421363	22.3231019476249	5.44766708411183	3.73060644746397	0.000191019414052829	0.0274747266708831	EI-circRNA	Ktn1	.	FALSE
chr1:45373920-45374941:+	1.05058334614022	22.2708461709745	5.44775739802436	3.7209524378464	0.000198472819643803	0.0281360209430298	EI-circRNA	Col3a1	circAtlas:mmu-Col3a1_0052	TRUE
chr1:45373920-45374941:-	1.05058334614022	22.2708461709745	5.44775739802436	3.7209524378464	0.000198472819643803	0.0281360209430298	EI-circRNA	Col3a1	circAtlas:mmu-Col3a1_0052	TRUE
chr9:7864479-7864999:+	1.01693060185333	-22.2325847676279	5.4450686626021	-3.71576301812127	0.000202591398254079	0.0285147393042616	ciRNA	Birc3	.	FALSE
chrX:143128607-143134372:+	2.99279755382022	-17.9866179166643	4.33256643747393	-3.6898725379928	0.000224366441118448	0.0311347938185847	EI-circRNA	Alg13	circAtlas:mmu-Alg13_0005,circBase:mm9_circ_013694	TRUE
chrX:143128608-143134372:-	2.99279755382022	-17.9866179166643	4.33256643747393	-3.6898725379928	0.000224366441118448	0.0311347938185847	EI-circRNA	Alg13	circAtlas:mmu-Alg13_0005,circBase:mm9_circ_013694	TRUE
chr1:10258981-10270129:+	0.787937509605166	21.8795980254039	5.4477704176099	3.64912551401638	0.000263134524009287	0.0314246411854728	EI-circRNA	Arfgef1	.	FALSE
chr1:10258981-10270129:-	0.787937509605166	21.8795980254039	5.4477704176099	3.64912551401638	0.000263134524009287	0.0314246411854728	EI-circRNA	Arfgef1	.	FALSE
chr1:13639694-13642298:+	0.787937509605166	21.8795980254039	5.4477704176099	3.64912551401638	0.000263134524009287	0.0314246411854728	EI-circRNA	Tram1	circAtlas:mmu-Tram1_0002	TRUE
chr1:13639695-13642298:-	0.787937509605166	21.8795980254039	5.4477704176099	3.64912551401638	0.000263134524009287	0.0314246411854728	EI-circRNA	Tram1	circAtlas:mmu-Tram1_0002	TRUE
chr11:75386059-75393515:-	0.386569768368669	21.899073621158	5.44780113452709	3.65267988492487	0.00025951767486824	0.0314246411854728	EI-circRNA	Prpf8	circAtlas:mmu-Prpf8_0011,circBase_lifted:hsa_circ_0041298	TRUE
chr11:75386060-75393515:+	0.386569768368669	21.899073621158	5.44780113452709	3.65267988492487	0.00025951767486824	0.0314246411854728	EI-circRNA	Prpf8	circAtlas:mmu-Prpf8_0011,circBase_lifted:hsa_circ_0041298	TRUE
chr11:104416876-104427496:-	0.743528972236373	21.8879083175048	5.44769020178614	3.65070471719999	0.00026152176652549	0.0314246411854728	EI-circRNA	Cdc27	circAtlas:mmu-Cdc27_0012	TRUE
chr11:104416877-104427496:+	0.743528972236373	21.8879083175048	5.44769020178614	3.65070471719999	0.00026152176652549	0.0314246411854728	EI-circRNA	Cdc27	circAtlas:mmu-Cdc27_0012	TRUE
chr13:15834546-15837115:+	0.423333865255636	21.9297528443378	5.44777245667064	3.65833063015222	0.00025386341926668	0.0314246411854728	EI-circRNA	Gli3	circAtlas:mmu-Gli3_0008,circBase_lifted:hsa_circ_0079947	TRUE
chr13:15834547-15837115:-	0.423333865255636	21.9297528443378	5.44777245667064	3.65833063015222	0.00025386341926668	0.0314246411854728	EI-circRNA	Gli3	circAtlas:mmu-Gli3_0008,circBase_lifted:hsa_circ_0079947	TRUE
chr14:31340928-31345053:+	0.382364586363287	21.9020131693808	5.44781012896639	3.65321343773719	0.000258978784325542	0.0314246411854728	EI-circRNA	Hacl1	circAtlas:mmu-Hacl1_0002,circAtlas:mmu-Hacl1_0003,circAtlas:mmu-Hacl1_0019	TRUE
chr14:31340928-31345053:-	0.382364586363287	21.9020131693808	5.44781012896639	3.65321343773719	0.000258978784325542	0.0314246411854728	EI-circRNA	Hacl1	circAtlas:mmu-Hacl1_0002,circAtlas:mmu-Hacl1_0003,circAtlas:mmu-Hacl1_0019	TRUE
chr16:94184770-94186281:-	2.27615751063197	-17.5337101117957	4.2318558804321	-3.67066141917139	0.000241923630541277	0.0314246411854728	EI-circRNA	Ttc3	circAtlas:mmu-Ttc3_0030,circBase_lifted:hsa_circ_0008572	TRUE
chr16:94184770-94186282:+	2.27615751063197	-17.5337101117957	4.2318558804321	-3.67066141917139	0.000241923630541277	0.0314246411854728	EI-circRNA	Ttc3	circAtlas:mmu-Ttc3_0030,circBase_lifted:hsa_circ_0008572	TRUE
chr17:44002524-44014347:-	0.339302607079476	22.0178348097264	5.44781502204512	3.67447035714727	0.000238343311989058	0.0314246411854728	EI-circRNA	Cyp39a1,Gm25783	.	FALSE
chr17:44002525-44014347:+	0.339302607079476	22.0178348097264	5.44781502204512	3.67447035714727	0.000238343311989058	0.0314246411854728	EI-circRNA	Cyp39a1,Gm25783	.	FALSE
chr4:98943558-98945131:+	0.350180826790717	22.008565729251	5.44780515392	3.67277557914377	0.000239930183264857	0.0314246411854728	EI-circRNA	Dock7	circAtlas:mmu-Dock7_0006	TRUE
chr4:98943559-98945131:-	0.350180826790717	22.008565729251	5.44780515392	3.67277557914377	0.000239930183264857	0.0314246411854728	EI-circRNA	Dock7	circAtlas:mmu-Dock7_0006	TRUE
chr6:88066971-88067277:+	2.43614422736846	-18.5163373976133	4.49467425616531	-3.67464613813958	0.000238179287843979	0.0314246411854728	circRNA	Rpn1	circAtlas:mmu-Rpn1_0003,circBase_lifted:hsa_circ_0067230	TRUE
chr6:88066971-88067278:-	2.43614422736846	-18.5163373976133	4.49467425616531	-3.67464613813958	0.000238179287843979	0.0314246411854728	EI-circRNA	Rpn1	circAtlas:mmu-Rpn1_0003,circBase_lifted:hsa_circ_0067230	TRUE
chr6:88329427-88335624:-	2.12190258044399	-17.8403935777682	4.33983715880738	-3.64999722296523	0.000262243144013306	0.0314246411854728	EI-circRNA	Eefsec	circAtlas:mmu-Eefsec_0010	TRUE
chr6:88329428-88335624:+	2.12190258044399	-17.8403935777682	4.33983715880738	-3.64999722296523	0.000262243144013306	0.0314246411854728	EI-circRNA	Eefsec	circAtlas:mmu-Eefsec_0010	TRUE
chr4:108940286-108948896:+	3.02955397952741	-18.349183703167	4.48447103322438	-3.64573292636741	0.000266630780483023	0.0314608355054968	EI-circRNA	Osbpl9	circAtlas:mmu-Osbpl9_0005,circBase_lifted:hsa_circ_0012461	TRUE
chr4:108940286-108948896:-	3.02955397952741	-18.349183703167	4.48447103322438	-3.64573292636741	0.000266630780483023	0.0314608355054968	EI-circRNA	Osbpl9	circAtlas:mmu-Osbpl9_0005,circBase_lifted:hsa_circ_0012461	TRUE
chr16:76868531-76873409:+	1.54749632855161	-20.3432332266605	5.0567887064853	-3.62744704027981	0.000286237461826101	0.0333746105638066	EI-circRNA	Usp25	circAtlas:mmu-Usp25_0025	TRUE
chr16:76868531-76873409:-	1.54749632855161	-20.3432332266605	5.0567887064853	-3.62744704027981	0.000286237461826101	0.0333746105638066	EI-circRNA	Usp25	circAtlas:mmu-Usp25_0025	TRUE
chr11:93795989-93803284:+	4.12628872015633	-18.1336921117178	4.45419431157808	-3.62213477525675	0.000292181816291116	0.0336692554971722	EI-circRNA	Mbtd1	circAtlas:mmu-Mbtd1_0018,circAtlas:mmu-Mbtd1_0017,circBase:mm9_circ_012849,circBase_lifted:hsa_circ_0003871	TRUE
chr11:93795989-93803284:-	4.12628872015633	-18.1336921117178	4.45419431157808	-3.62213477525675	0.000292181816291116	0.0336692554971722	EI-circRNA	Mbtd1	circAtlas:mmu-Mbtd1_0018,circAtlas:mmu-Mbtd1_0017,circBase:mm9_circ_012849,circBase_lifted:hsa_circ_0003871	TRUE
chr12:116284746-116287830:-	0.479366764642149	21.6758952073447	5.44779604840004	3.61171656070409	0.000304176920647428	0.0343171196956229	EI-circRNA	Esyt2	circAtlas:mmu-Esyt2_0007,circBase_lifted:hsa_circ_0083222	TRUE
chr12:116284747-116287830:+	0.479366764642149	21.6758952073447	5.44779604840004	3.61171656070409	0.000304176920647428	0.0343171196956229	EI-circRNA	Esyt2	circAtlas:mmu-Esyt2_0007,circBase_lifted:hsa_circ_0083222	TRUE
chr15:86118930-86123494:-	0.584021893976216	21.6682214454026	5.44776494217298	3.61032857587968	0.000305809360645724	0.0343171196956229	EI-circRNA	Tbc1d22a	circAtlas:mmu-Tbc1d22a_0001,circBase_lifted:hsa_circ_0001251	TRUE
chr15:86118931-86123494:+	0.584021893976216	21.6682214454026	5.44776494217298	3.61032857587968	0.000305809360645724	0.0343171196956229	EI-circRNA	Tbc1d22a	circAtlas:mmu-Tbc1d22a_0001,circBase_lifted:hsa_circ_0001251	TRUE
chr7:132549772-132568423:+	2.17194117297512	-19.3751501628328	4.81537720598418	-3.60826357304685	0.000308253244665072	0.0343171196956229	EI-circRNA	Zranb1	circAtlas:mmu-ENSMUSG00000030849,ENSMUSG00000030967_0008,circAtlas:mmu-ENSMUSG00000030849,ENSMUSG00000030967_0016,circAtlas:mmu-Zranb1_0003,circBase:mm9_circ_005606,circBase_lifted:hsa_circ_0020335,circBase_lifted:hsa_circ_0008915	TRUE
chr7:132549772-132568423:-	2.17194117297512	-19.3751501628328	4.81537720598418	-3.60826357304685	0.000308253244665072	0.0343171196956229	EI-circRNA	Zranb1	circAtlas:mmu-ENSMUSG00000030849,ENSMUSG00000030967_0008,circAtlas:mmu-ENSMUSG00000030849,ENSMUSG00000030967_0016,circAtlas:mmu-Zranb1_0003,circBase:mm9_circ_005606,circBase_lifted:hsa_circ_0020335,circBase_lifted:hsa_circ_0008915	TRUE
chr12:69351317-69355819:+	0.565490723209771	21.6020126488455	5.44779379509973	3.59815613184137	0.000320481217947826	0.0352797899422453	EI-circRNA	Klhdc2	circAtlas:mmu-Klhdc2_0004,circBase_lifted:hsa_circ_0031796	TRUE
chr12:69351317-69355819:-	0.565490723209771	21.6020126488455	5.44779379509973	3.59815613184137	0.000320481217947826	0.0352797899422453	EI-circRNA	Klhdc2	circAtlas:mmu-Klhdc2_0004,circBase_lifted:hsa_circ_0031796	TRUE
chr13:55806832-55808612:+	0.880365126362198	21.4345971529859	5.44776503983459	3.56744408227562	0.000360480272424759	0.0360571764879689	EI-circRNA	Ddx46	.	FALSE
chr13:55806832-55808612:-	0.880365126362198	21.4345971529859	5.44776503983459	3.56744408227562	0.000360480272424759	0.0360571764879689	EI-circRNA	Ddx46	.	FALSE
chr18:44991254-44993716:+	0.880365126362198	21.4345971529859	5.44776503983459	3.56744408227562	0.000360480272424759	0.0360571764879689	EI-circRNA	Ythdc2	.	FALSE
chr18:44991254-44993716:-	0.880365126362198	21.4345971529859	5.44776503983459	3.56744408227562	0.000360480272424759	0.0360571764879689	EI-circRNA	Ythdc2	.	FALSE
chr19:46700659-46713477:+	0.880365126362198	21.4345971529859	5.44776503983459	3.56744408227562	0.000360480272424759	0.0360571764879689	EI-circRNA	As3mt	circAtlas:mmu-As3mt_0004	TRUE
chr19:46700659-46713477:-	0.880365126362198	21.4345971529859	5.44776503983459	3.56744408227562	0.000360480272424759	0.0360571764879689	EI-circRNA	As3mt	circAtlas:mmu-As3mt_0004	TRUE
chr2:6395865-6405130:+	0.880365126362198	21.4345971529859	5.44776503983459	3.56744408227562	0.000360480272424759	0.0360571764879689	EI-circRNA	Usp6nl	circAtlas:mmu-Usp6nl_0003,circBase_lifted:hsa_circ_0017689	TRUE
chr2:6395866-6405130:-	0.880365126362198	21.4345971529859	5.44776503983459	3.56744408227562	0.000360480272424759	0.0360571764879689	EI-circRNA	Usp6nl	circAtlas:mmu-Usp6nl_0003,circBase_lifted:hsa_circ_0017689	TRUE
chr2:37530862-37537297:+	1.59891864224277	-18.0034821627979	4.47003418426055	-3.5801699725581	0.00034337077782225	0.0360571764879689	EI-circRNA	Strbp	circAtlas:mmu-Strbp_0063	TRUE
chr2:37530862-37537297:-	1.59891864224277	-18.0034821627979	4.47003418426055	-3.5801699725581	0.00034337077782225	0.0360571764879689	EI-circRNA	Strbp	circAtlas:mmu-Strbp_0063	TRUE
chr2:179668427-179669828:+	0.880365126362198	21.4345971529859	5.44776503983459	3.56744408227562	0.000360480272424759	0.0360571764879689	EI-circRNA	Lsm14b	circAtlas:mmu-Lsm14b_0003,circBase_lifted:hsa_circ_0061029	TRUE
chr2:179668428-179669828:-	0.880365126362198	21.4345971529859	5.44776503983459	3.56744408227562	0.000360480272424759	0.0360571764879689	EI-circRNA	Lsm14b	circAtlas:mmu-Lsm14b_0003,circBase_lifted:hsa_circ_0061029	TRUE
chr3:40714796-40715347:+	2.11473508644044	-21.5178936979881	5.44340243246885	-3.58560549952499	0.000336297013971247	0.0360571764879689	EI-circRNA	Hspa4l	circAtlas:mmu-Hspa4l_0015	TRUE
chr3:40714796-40715347:-	2.11473508644044	-21.5178936979881	5.44340243246885	-3.58560549952499	0.000336297013971247	0.0360571764879689	EI-circRNA	Hspa4l	circAtlas:mmu-Hspa4l_0015	TRUE
chr5:43863398-43877788:+	0.880365126362198	21.4345971529859	5.44776503983459	3.56744408227562	0.000360480272424759	0.0360571764879689	EI-circRNA	Cc2d2a	.	FALSE
chr5:43863399-43877788:-	0.880365126362198	21.4345971529859	5.44776503983459	3.56744408227562	0.000360480272424759	0.0360571764879689	EI-circRNA	Cc2d2a	.	FALSE
chr5:96958908-96968351:-	0.880365126362198	21.4345971529859	5.44776503983459	3.56744408227562	0.000360480272424759	0.0360571764879689	EI-circRNA	Anxa3	circAtlas:mmu-Anxa3_0001	TRUE
chr5:96958909-96968351:+	0.880365126362198	21.4345971529859	5.44776503983459	3.56744408227562	0.000360480272424759	0.0360571764879689	EI-circRNA	Anxa3	circAtlas:mmu-Anxa3_0001	TRUE
chr15:75538101-75539814:+	1.59108954945132	-21.1212700715623	5.44361465326502	-3.51260537152341	0.000443736011639217	0.0435015826335859	EI-circRNA	Top1mt	circAtlas:mmu-Top1mt_0002	TRUE
chr15:75538101-75539814:-	1.59108954945132	-21.1212700715623	5.44361465326502	-3.51260537152341	0.000443736011639217	0.0435015826335859	EI-circRNA	Top1mt	circAtlas:mmu-Top1mt_0002	TRUE
chr18:32994079-32996315:+	2.39294026555151	-18.0421501345947	4.56628501792446	-3.51317319694739	0.000442788743180473	0.0435015826335859	EI-circRNA	Wdr36	circAtlas:mmu-Wdr36_0003,circAtlas:mmu-Wdr36_0002	TRUE
chr18:32994079-32996315:-	2.39294026555151	-18.0421501345947	4.56628501792446	-3.51317319694739	0.000442788743180473	0.0435015826335859	EI-circRNA	Wdr36	circAtlas:mmu-Wdr36_0003,circAtlas:mmu-Wdr36_0002	TRUE
chr11:68730696-68736250:-	0.307118847506906	20.9740611021308	5.44781575762553	3.48287496242361	0.00049605999699874	0.0481520307431536	EI-circRNA	Ndel1	circAtlas:mmu-Ndel1_0015	TRUE
chr11:68730697-68736250:+	0.307118847506906	20.9740611021308	5.44781575762553	3.48287496242361	0.00049605999699874	0.0481520307431536	EI-circRNA	Ndel1	circAtlas:mmu-Ndel1_0015	TRUE
chr13:37151992-37156040:+	1.65363223304569	-20.9204089690232	5.44423551394283	-3.47531052258255	0.000510262320007044	0.0486347006969403	EI-circRNA	Gm30489,F13a1	circAtlas:mmu-F13a1_0010	TRUE
chr13:37151992-37156040:-	1.65363223304569	-20.9204089690232	5.44423551394283	-3.47531052258255	0.000510262320007044	0.0486347006969403	EI-circRNA	Gm30489,F13a1	circAtlas:mmu-F13a1_0010	TRUE
chr15:57915619-57927576:-	1.72953403735983	-17.7375868301651	4.53220256108454	-3.47239264310356	0.000515841281180437	0.0486347006969403	EI-circRNA	Zhx1	circAtlas:mmu-Zhx1_0002	TRUE
chr15:57915620-57927576:+	1.72953403735983	-17.7375868301651	4.53220256108454	-3.47239264310356	0.000515841281180437	0.0486347006969403	EI-circRNA	Zhx1	circAtlas:mmu-Zhx1_0002	TRUE
chr15:80763067-80786913:+	0.792328613725978	20.9238475674803	5.44777023768956	3.47368680062139	0.000513359883055106	0.0486347006969403	EI-circRNA	Tnrc6b	circAtlas:mmu-Tnrc6b_0047	TRUE
chr15:80763068-80786913:-	0.792328613725978	20.9238475674803	5.44777023768956	3.47368680062139	0.000513359883055106	0.0486347006969403	EI-circRNA	Tnrc6b	circAtlas:mmu-Tnrc6b_0047	TRUE
